,accuracy,precision,recall,f1,roc_auc,pr_auc
Dummy,0.8401360544217688,0.0,0.0,0.0,0.5,0.1598639455782313
LogisticRegression,0.8605442176870748,0.6153846153846154,0.3404255319148936,0.4383561643835616,0.8115255405289,0.5836342531326222
DecisionTree,0.7653061224489796,0.3103448275862069,0.3829787234042553,0.34285714285714286,0.6105177017830993,0.21749492166639217
