,accuracy_mean,accuracy_std,precision_mean,precision_std,recall_mean,recall_std,f1_mean,f1_std,roc_auc_mean,roc_auc_std,pr_auc_mean,pr_auc_std
Dummy,0.838434908041832,0.0003064211436891149,0.0,0.0,0.0,0.0,0.0,0.0,0.5,0.0,0.16156509195816807,0.00030642114368912725
LogisticRegression,0.8903101334294987,0.021333529661370667,0.7763499798088571,0.08323176142996351,0.4421052631578948,0.1075411407458029,0.5610112713477683,0.10921001974648596,0.8391885728781269,0.03235730876295875,0.6514396060738317,0.06827781679292275
DecisionTree,0.795066714749369,0.02028703598858202,0.3576266581504979,0.07389966300357087,0.3578947368421052,0.11410254415094105,0.3567948330967809,0.09322199530878116,0.6185976786297385,0.05776643293211177,0.2383667705214902,0.053018692726989565
