Gender,Recall,Precision,N_Positive,N_Negative
Female,0.5,0.5714285714285714,16,100
Male,0.41935483870967744,0.5909090909090909,31,147
