Metric,Value,CI_Lower,CI_Upper
Accuracy,0.8605442176870748,0.8231292517006803,0.8979591836734694
Precision,0.5833333333333334,0.4166666666666667,0.7428754578754578
Recall,0.44680851063829785,0.3076530612244898,0.5869565217391305
F1-Score,0.5060240963855421,0.3661331626120359,0.6302063464539621
ROC-AUC,0.8106641398914636,0.7392625506486749,0.8823206021979664
PR-AUC,0.582830376865843,0.45489058503936697,0.7066877309449509
