Configuration,F1,Recall,Precision
Baseline,0.46540880503144655,0.7872340425531915,0.33035714285714285
Mean Impute,0.46540880503144655,0.7872340425531915,0.33035714285714285
RobustScaler,0.45569620253164556,0.7659574468085106,0.32432432432432434
