feature,chi2,pvalue,dof,cramers_v,n_unique
OverTime,87.56429365828768,8.158423721538322e-21,1,0.24406463632881792,2
JobRole,86.19025367670434,2.7524816380506567e-15,8,0.24214215996065436,9
MaritalStatus,46.163676540848705,9.455511060340833e-11,2,0.1772113472450737,3
BusinessTravel,24.182413685655174,5.608614476449931e-06,2,0.12825997643406717,3
Department,10.79600732241067,0.004525606574479634,2,0.0856984402909795,3
EducationField,16.024674119585427,0.006773980139025213,5,0.10440851908182988,6
Gender,1.1169671241970975,0.29057244902890855,1,0.027565224125453088,2
