Threshold,F1,Recall,Precision,Accuracy
0.3,0.5052631578947369,0.5106382978723404,0.5,0.8401360544217688
0.35,0.4666666666666667,0.44680851063829785,0.4883720930232558,0.8367346938775511
0.388,0.5060240963855421,0.44680851063829785,0.5833333333333334,0.8605442176870748
0.4,0.5185185185185185,0.44680851063829785,0.6176470588235294,0.8673469387755102
0.45,0.5,0.40425531914893614,0.6551724137931034,0.8707482993197279
0.5,0.4383561643835616,0.3404255319148936,0.6153846153846154,0.8605442176870748
